Entity,Year,Liver cancer,Kidney cancer,Lip and oral cavity cancer,"Tracheal, bronchus, and lung cancer",Larynx cancer,Gallbladder and biliary tract cancer,Malignant skin melanoma,Leukemia,Hodgkin lymphoma,Multiple myeloma,Other neoplasms,Breast cancer,Prostate cancer,Thyroid cancer,Stomach cancer,Bladder cancer,Uterine cancer,Ovarian cancer,Cervical cancer,Brain and central nervous system cancer,Deaths - Non-Hodgkin lymphoma - Sex: Both - Age: All Ages (Number),Deaths - Pancreatic cancer - Sex: Both - Age: All Ages (Number),Deaths - Esophageal cancer - Sex: Both - Age: All Ages (Number),Deaths - Testicular cancer - Sex: Both - Age: All Ages (Number),Deaths - Nasopharynx cancer - Sex: Both - Age: All Ages (Number),Deaths - Other pharynx cancer - Sex: Both - Age: All Ages (Number),Deaths - Colon and rectum cancer - Sex: Both - Age: All Ages (Number),Deaths - Non-melanoma skin cancer - Sex: Both - Age: All Ages (Number),Deaths - Mesothelioma - Sex: Both - Age: All Ages (Number)
Afghanistan,60135,32122,2735,3138,33345,9749,6673,1967,48395,4987,3976,547,24601,12485,2486,88087,8946,2517,3737,14051,21268,39859,5569,19658,284,2347,1261,20452,1076,342
African Region (WHO),60135,485294,107770,182683,1006992,145592,116914,69179,638543,98904,106314,30393,1068936,1040987,60173,870154,235388,97772,176010,1177249,237194,324414,319669,722222,14780,106336,52927,721384,39463,23872
Albania,60135,7838,1709,1168,24409,2158,1053,665,3843,470,601,278,5658,7089,437,11344,927,991,1194,1646,5210,1410,4844,1383,248,348,585,7199,861,116
Algeria,60135,12664,4785,5205,62744,9688,22750,1596,24294,6380,6258,1327,50467,23508,3256,33714,11238,2212,7910,18181,11927,27454,18896,6621,466,15553,4144,42134,2384,327
American Samoa,60135,71,0,0,279,0,0,0,30,0,6,0,154,163,1,165,18,50,49,51,30,30,48,16,0,19,0,150,0,0
Andorra,60135,267,105,52,1088,30,84,46,190,0,94,45,269,311,20,280,130,41,68,64,203,177,291,110,0,0,30,736,27,48
Angola,60135,5744,2266,4511,27765,3358,2026,1402,15034,1369,2193,558,20627,15318,936,20835,5146,2015,2434,30093,5775,8229,4921,18915,545,1359,1199,15126,801,460
Antigua and Barbuda,60135,78,37,36,201,33,37,26,97,0,60,0,333,706,12,266,57,56,61,138,39,74,102,67,0,0,30,303,18,0
Argentina,60135,22790,63920,21081,357484,32096,61124,15549,70335,6326,21589,10761,214926,157289,7544,142812,53111,20734,43029,75017,41435,56302,143100,76553,6538,3076,6695,289912,10425,4495
Armenia,60135,5349,1546,1309,37390,3600,1121,493,5482,213,603,150,17312,5863,432,17519,5521,2096,3132,5181,6121,1484,9115,1822,228,251,471,14388,558,815
Australia,60135,30253,31839,26536,238464,7176,13875,37114,43163,2263,26153,17244,91508,99237,3812,43410,29632,11737,27724,10465,36591,48835,69574,37108,802,2930,8532,157929,14877,17102
Austria,60135,18879,16640,8018,112065,4961,12597,9500,21154,1518,9971,7169,52199,41395,2717,41117,18116,7059,17765,8893,14610,17253,46550,11868,534,996,5018,84958,2670,2543
Azerbaijan,60135,8638,6697,1860,46865,5923,2121,916,12718,1927,1111,336,21548,8661,921,48280,4625,3470,3823,8389,10743,3282,10446,17637,343,400,738,20745,1105,229
Bahamas,60135,297,167,228,1128,188,169,76,327,30,345,56,1646,1823,44,770,123,223,279,565,161,348,294,404,0,42,134,1269,43,30
Bahrain,60135,601,259,162,2468,152,124,29,869,124,191,83,1670,511,69,796,411,119,413,211,413,514,709,261,0,76,43,1221,44,33
Bangladesh,60135,69393,12596,104938,176821,64764,42032,4167,97331,17147,14851,4675,182412,73200,12507,178016,23480,10227,31434,89070,59813,39954,37471,100886,3839,27591,80484,95792,7054,3265
Barbados,60135,282,290,219,1056,146,237,53,520,30,618,50,2105,3611,71,1369,288,433,314,850,185,624,663,556,0,59,149,2396,52,30
Belarus,60135,9517,15871,15284,126965,14493,5972,6233,22637,2580,5199,1233,43844,26728,2717,99553,14400,8581,16553,18253,12512,7957,26915,13500,557,1447,7612,79053,3658,1479
Belgium,60135,19334,21412,10597,223967,9021,8167,9076,31481,1820,17176,8346,86402,67547,3448,41319,33234,9733,24497,9564,21628,25193,50989,24552,444,1592,5980,118087,3560,6768
Belize,60135,171,95,64,630,75,90,22,230,36,41,14,325,797,15,548,94,115,64,545,108,115,255,113,0,20,34,445,41,26
Benin,60135,5713,1358,1325,9566,1101,1048,336,6120,440,721,303,7727,9073,281,12525,2502,1058,1242,12004,2104,3727,3476,4203,126,309,297,6107,299,129
Bermuda,60135,80,75,66,765,49,37,55,103,0,72,32,388,522,30,191,140,60,110,72,63,124,237,131,0,7,30,565,21,23
Bhutan,60135,338,87,566,828,272,281,29,523,70,102,35,715,386,82,986,136,77,228,562,323,255,259,562,30,129,442,618,37,20
Bolivia,60135,8296,3202,2148,22364,2235,11839,2486,15659,1422,3019,584,17169,21809,2660,63516,3773,4668,3621,25487,6215,8436,6757,4049,732,463,717,16655,1968,645
Bosnia and Herzegovina,60135,11426,4564,2594,63862,4891,5928,2157,5771,802,1762,443,15444,9516,717,18195,6136,2755,5392,4978,9460,3123,13667,3561,303,274,1748,28620,918,286
Botswana,60135,466,371,1117,6103,735,301,219,1369,53,516,157,4185,4079,30,2876,705,486,764,4746,664,782,1573,4099,70,141,308,3528,161,244
Brazil,60135,103721,83931,120034,766112,123352,116806,50167,212521,19284,70123,22707,446161,471136,26548,581653,109455,63192,107149,275602,218155,139420,260315,270623,10288,12243,83438,511389,48054,18396
Brunei,60135,597,162,177,1794,72,164,38,410,33,120,75,716,225,49,848,133,80,281,392,264,431,340,146,30,209,90,1217,30,14
Bulgaria,60135,21094,7949,7565,115097,11078,6091,4692,15162,2195,3173,833,42765,30619,1925,51185,16492,9166,13956,14238,18373,8823,33585,7075,1371,1034,3722,84328,3733,329
Burkina Faso,60135,5357,1948,2650,16359,2392,2108,671,10745,780,1461,504,18954,16135,519,25315,4451,1980,2218,25186,3958,6299,4687,7600,189,612,564,10405,513,211
Burundi,60135,3344,928,2689,6883,1762,1042,958,6302,1200,1189,212,9377,8588,757,9786,2098,1199,1762,16786,2436,2983,2001,13247,168,1751,891,6354,364,220
Cambodia,60135,26448,2189,5641,53182,3469,2858,687,20437,1083,1903,547,18618,10954,2779,23741,3486,4100,5911,16309,7527,6202,6161,6666,303,5048,1337,24550,1638,442
Cameroon,60135,1727,1815,4141,28783,3480,2830,595,13680,952,2201,808,24639,23003,383,31514,6727,3003,4103,31374,4969,10294,13135,12072,313,2830,942,20123,778,412
Canada,60135,43904,44853,27545,575759,13790,23122,27957,74557,3980,42060,23544,164374,153179,6602,77329,65674,20823,52874,19204,53357,83155,122380,52334,1273,3387,8758,251420,9597,13393
Cape Verde,60135,919,128,247,1301,102,90,25,423,0,57,41,740,1553,30,2184,212,167,95,786,240,261,612,1091,0,23,40,760,31,0
Central African Republic,60135,1961,440,1222,6937,1031,576,362,3509,413,582,101,5709,3487,268,6981,1163,592,578,10247,1234,1664,1001,5893,98,421,294,3038,178,143
Chad,60135,7434,1106,1612,12226,1454,1324,409,7305,607,779,322,7804,11400,317,17779,3200,1173,972,16402,2459,4231,2479,4868,132,404,375,6999,364,135
Chile,60135,12253,19573,4412,81032,4435,62207,4995,20461,1773,12215,4768,39983,55402,3292,110083,13405,5009,12767,27099,10694,18501,34147,25030,3477,580,1953,62838,5110,1510
China,60135,6140780,403225,413744,14203805,444916,673672,113560,1865845,104142,253124,86065,1941291,1038052,148522,11575041,797050,390026,490140,1145534,1469707,832104,1854761,7032657,28348,808694,118393,4689378,290244,56137
Colombia,60135,24382,13193,11696,128971,14237,28112,8152,53501,5122,12352,6455,69712,85869,7958,173790,14467,8655,24812,62869,29617,30787,44298,24842,3047,2221,3081,92908,10750,1782
Comoros,60135,317,115,207,781,118,104,82,452,90,114,30,1053,1103,75,815,220,153,291,1418,169,312,333,1333,7,132,76,784,48,28
Congo,60135,1803,679,1202,8113,861,586,354,2613,289,635,159,8031,4425,282,5176,1563,755,909,8939,1081,2004,2095,5808,124,365,339,4958,220,155
Cook Islands,60135,64,0,0,173,0,0,0,3,0,0,0,102,141,0,35,15,0,0,0,0,0,28,19,0,0,0,37,0,0
Costa Rica,60135,4680,1743,1200,9455,1173,2288,1059,5623,825,1903,748,8232,10412,651,22689,1982,1162,1993,4976,2609,4107,5693,1884,305,410,524,12351,1144,103
Cote d'Ivoire,60135,14091,2788,3625,25600,3272,2324,752,12722,1067,1642,647,16368,19069,631,30451,5940,2007,3023,25019,4904,9600,8497,9984,343,900,838,16749,666,318
Croatia,60135,8114,8253,6150,85192,7145,7356,5001,11047,736,4543,2642,28284,19859,1206,31158,11112,4507,9463,5748,13520,8301,19908,6857,438,672,4781,55476,2135,1431
Cuba,60135,12619,7966,11984,142325,20634,7320,2225,17350,2569,8518,1140,41099,71567,2165,27157,16631,14091,7120,19680,11000,15002,21371,18517,432,2008,4735,70500,8544,575
Cyprus,60135,1222,632,408,8587,381,708,476,2038,135,918,440,4711,3674,229,2672,1775,636,1298,638,1318,1980,2555,490,31,66,89,5070,332,317
Czechia,60135,18292,33899,11553,180674,8898,27097,10703,27680,2530,11800,4512,58798,44197,2840,49249,23887,13177,23865,15496,21631,17836,60244,15110,1274,1392,7057,137130,4175,1299
Democratic Republic of Congo,60135,19940,5387,12724,87195,9133,6630,4415,38494,4492,7128,1409,81105,51711,3235,65778,19623,7264,8160,109252,15324,18302,13551,64647,1401,4194,2995,37106,2576,1569
Denmark,60135,7817,11685,5360,121640,3661,4306,7587,16101,888,7801,4207,46120,41867,1251,16619,19657,5453,14714,6771,13311,11806,28910,13747,469,413,3683,71975,1798,2924
Djibouti,60135,340,136,251,937,150,93,91,635,111,105,25,923,957,69,818,208,116,226,1329,233,357,313,1215,25,171,105,850,47,21
Dominica,60135,110,60,70,402,60,72,0,150,0,131,27,371,1227,12,568,95,60,27,229,25,160,151,123,0,5,46,340,18,0
Dominican Republic,60135,7304,3315,4641,25997,3335,3836,440,8776,318,2410,693,15397,36543,1093,16043,2292,4445,1610,13861,2227,4364,5793,4043,122,918,2609,18736,2650,197
East Asia & Pacific (WB),60135,8517548,782829,902883,20031893,667532,1548398,217277,3008124,155374,514667,235623,4025456,2069703,339730,14988167,1298289,650589,1009478,2015418,1958256,1666613,3328303,7922555,51106,1129426,308990,8200725,433510,134539
Eastern Mediterranean Region (WHO),60135,542656,87283,412993,1103386,272486,157061,32968,617218,95132,94428,17300,1091017,341211,58257,800036,350631,87199,189685,205031,347645,253268,244564,375952,20872,85010,113914,599663,26554,9069
Ecuador,60135,9259,5184,2717,29288,2221,11236,2847,20073,1751,3498,1196,18552,32912,3758,73877,4173,6424,6045,23264,8348,12676,13607,4919,1213,518,767,26818,3109,474
Egypt,60135,270270,11900,8549,112712,14138,15603,1950,65933,4864,13044,2446,101961,34041,5613,63072,97005,8936,13230,11596,45511,26432,42590,18798,990,2001,3220,81781,2239,809
El Salvador,60135,2963,1728,1448,12960,1045,3562,265,7803,939,789,331,7211,11296,863,24034,1402,1794,2432,13341,3934,3162,5334,2287,236,300,500,10276,724,63
England,60135,77464,98881,37251,972419,22999,26379,53495,127847,9438,78487,44088,394306,321850,10642,209332,156890,40734,129480,44143,95498,135788,238180,207074,2620,5789,16681,525801,17379,55951
Equatorial Guinea,60135,293,122,192,1316,111,88,52,493,45,97,33,1147,733,41,730,235,110,158,1214,199,397,337,815,23,44,52,916,39,30
Eritrea,60135,1818,589,1533,4227,884,613,653,3518,781,590,114,6509,3641,474,5985,1164,878,1303,11243,1286,1885,1267,7776,122,1029,556,4339,181,158
Estonia,60135,2323,3271,1674,22899,1322,1258,1345,3961,295,1300,489,7864,6062,479,11987,2952,1465,3585,2625,2729,2125,6864,1983,100,247,1073,13811,594,116
Eswatini,60135,2480,242,484,2449,337,143,185,726,80,290,61,1739,1699,80,1338,303,252,449,2419,311,670,939,2491,30,116,129,1528,67,154
Ethiopia,60135,27216,9512,16755,48427,10913,12567,5120,165552,13577,6913,2037,83205,42193,20689,80561,17837,7983,15548,100953,27097,10343,10342,28157,1601,12656,3143,53362,3643,2005
Europe & Central Asia (WB),60135,1470510,1463062,861694,12632132,824108,868526,631491,1956396,185126,812022,434781,4754840,3345635,219984,5127088,1938130,762113,1525411,1053810,1501642,1409773,3450819,1564226,67091,133187,498620,7917295,291144,300862
European Region (WHO),60135,1484282,1472635,865343,12719498,829773,873586,639968,1976943,186876,820526,438789,4802121,3370947,222436,5161639,1954862,767961,1537540,1060267,1518062,1427891,3484094,1569853,67652,134032,499706,7982969,294097,301996
Fiji,60135,898,117,318,1517,113,175,58,1312,75,145,64,2929,961,195,1076,238,370,167,2072,304,362,515,360,76,69,63,1389,71,42
Finland,60135,10281,11812,3618,66487,1325,7163,5317,10969,818,8084,3559,29113,28123,1737,20356,9018,5634,11514,3034,10596,14580,30361,7463,193,297,1410,38035,1395,2534
France,60135,191056,122107,80224,1009350,63160,54005,53227,185323,10074,95208,63917,429211,375504,18533,217982,187947,51135,122374,54377,100926,154537,298341,157255,3956,14954,63562,656955,22830,35592
G20,60135,10155897,2813443,3043520,37903035,2208587,3053306,1163115,6307496,499999,1943436,982061,11159226,7527170,697018,21632561,3921640,1672960,3279389,4220519,4393687,4262399,8457799,10757148,180677,1339030,1873367,18712326,879965,563499
Gabon,60135,825,406,660,4456,443,287,163,1036,107,345,107,3315,2395,131,2240,940,316,516,2723,465,1091,1354,2676,57,154,189,3047,111,65
Gambia,60135,7539,164,256,1312,124,182,57,730,99,115,60,1002,687,52,1005,303,149,251,1738,225,192,476,369,34,48,54,1010,62,29
Georgia,60135,5219,3892,2980,46445,6352,2259,2359,7571,2197,1178,363,27691,10600,756,26742,6742,6533,4436,7586,5992,3100,8149,2861,930,543,1162,19252,1262,231
Germany,60135,170726,191710,86920,1442910,52045,154651,75744,218912,13885,112335,71448,607519,455721,28547,455975,217032,76710,197912,89305,182673,193217,488612,165698,6729,8951,71387,1154117,20298,37896
Ghana,60135,20529,3713,2453,26756,4325,3434,747,15252,631,2521,958,50017,42705,591,26711,8480,4620,5641,38271,12206,21831,21957,10533,369,756,721,21840,1022,574
Greece,60135,16824,19317,6196,234005,11757,10701,5357,41566,6459,12869,9227,70942,63657,2990,62619,42566,8280,20474,9817,34785,12860,59044,9925,822,2202,1287,92752,4922,1936
Greenland,60135,87,86,60,1309,30,30,27,60,0,30,0,202,75,0,203,63,0,85,100,90,71,273,214,0,108,60,447,0,11
Grenada,60135,107,39,76,373,34,71,26,131,0,78,22,389,837,30,309,66,130,81,259,59,257,171,175,0,19,34,404,19,0
Guam,60135,194,58,57,1216,30,30,0,151,0,37,23,318,253,20,227,58,53,73,125,53,124,176,93,0,101,8,490,17,0
Guatemala,60135,10752,2990,2261,18598,1824,5882,692,15008,1236,1269,638,11439,21132,1468,67282,2024,3563,2789,23515,5621,4234,7848,4553,964,621,936,15355,2399,193
Guinea,60135,47159,1335,5157,13309,1606,1646,1516,5407,1581,954,413,12595,19616,605,22225,7611,1651,2452,28982,1579,1365,2090,2619,273,441,625,8437,449,181
Guinea-Bissau,60135,1192,209,311,2031,295,226,72,1168,110,148,45,1952,1415,63,3079,489,231,259,3269,401,771,576,918,30,84,68,1271,49,30
Guyana,60135,511,302,243,1199,184,270,66,700,84,144,42,2045,2991,102,1502,226,505,548,2092,197,468,642,298,23,50,100,1812,76,59
Haiti,60135,7225,2085,3258,17107,3600,3800,1196,15670,1345,3722,555,23707,28072,1238,24973,3508,4569,2343,28839,4951,6752,2741,5416,159,1222,1609,13379,920,529
Honduras,60135,16079,1648,1515,22138,1319,2341,268,10241,248,1527,720,7366,8804,3071,16405,1427,2251,2146,7582,3117,2556,3711,1691,163,189,583,6844,668,314
Hungary,60135,20835,26332,26244,260836,18492,26105,11298,29993,2106,9757,6158,69260,42526,3197,66971,28692,11865,22085,16978,21158,17387,57862,21302,1586,2850,19925,158917,5498,1047
Iceland,60135,298,669,165,3641,60,156,200,472,30,366,102,1245,1561,148,922,521,139,444,157,643,402,1065,484,0,30,44,1708,41,88
India,60135,606387,139913,1264488,1569885,643301,485167,36180,833768,126125,162805,48025,1438904,568980,133888,1835719,257425,129420,344849,1030882,521503,472789,462082,806234,38269,253374,1054433,1272325,59995,41019
Indonesia,60135,107269,48667,84819,929437,45637,43176,10241,281361,14813,28816,11091,563000,203582,41391,317774,61621,69978,109499,221295,114256,117000,164019,107642,5713,73099,23924,533750,30039,6208
Iran,60135,45746,14864,9030,152605,29917,14918,7485,109048,6831,11818,2315,80615,63845,5557,229714,29970,5287,17242,16130,68983,29808,44257,62542,1387,3058,2940,103042,4797,751
Iraq,60135,20947,6389,4101,65767,10081,3800,1009,42714,3268,3416,562,50405,13880,2558,24184,19750,3545,7269,5978,32920,14600,16870,5082,643,1815,1727,28560,1511,1287
Ireland,60135,4560,5942,2726,55111,1840,2390,3351,7987,642,5258,2529,21697,18496,726,13465,6237,2258,7996,2759,7228,8203,15229,11219,207,336,1182,33432,1807,1072
Israel,60135,6480,7841,2202,55247,2303,2989,5952,16353,1122,7475,3618,34381,18223,1962,19233,11895,3557,8723,3465,10813,15847,25033,4190,192,591,463,48516,2202,921
Italy,60135,194128,121902,58838,1065388,59624,114587,51726,186887,14724,96495,54186,403688,283762,20114,420187,225049,39633,115667,38546,110880,162236,340176,77927,3472,10079,25597,645370,21479,41959
Jamaica,60135,1833,865,813,13263,894,1120,274,3090,157,1807,398,9642,18776,401,7818,1702,2014,1622,5961,906,3728,2791,2021,45,318,442,10060,277,142
Japan,60135,978747,166435,103569,1996854,34245,517638,17641,249076,6040,120553,83429,377625,319405,47983,1664811,213546,70985,147534,112696,68497,294618,776970,354632,3763,23048,56688,1416348,28889,33555
Jordan,60135,2105,995,957,11993,984,1307,198,7839,213,903,167,10475,3367,550,4813,2549,907,1586,1178,3527,4908,3488,997,185,608,265,10138,386,188
Kazakhstan,60135,35423,15618,11064,128189,10576,5208,5742,18774,3202,2497,922,46422,13489,3245,92230,10956,9896,15766,25568,10732,8872,19462,49529,1211,1901,5343,58100,1909,1974
Kenya,60135,14528,2634,15130,22543,6169,5173,2272,17756,3252,5068,1139,37026,31353,1214,40049,5012,2662,8282,33039,9764,14704,9681,50238,241,8652,3778,26149,1849,987
Kiribati,60135,210,43,169,295,0,30,0,97,0,4,0,303,61,0,272,30,42,22,696,30,49,34,119,34,30,0,149,0,0
Kuwait,60135,845,541,291,3710,266,407,70,1982,109,328,84,2745,1593,196,1429,1150,297,607,365,958,1402,1582,537,28,139,110,3123,120,72
Kyrgyzstan,60135,2258,1949,1839,17162,1371,1181,641,4583,403,541,179,8740,2925,469,23985,1754,1835,2677,6915,2788,1518,4720,6022,229,413,776,9531,986,98
Laos,60135,7514,950,2077,21232,1295,1118,310,9107,476,729,218,10981,4066,1069,9642,1440,1630,2230,6419,3267,2745,2446,2628,125,1958,531,9995,577,137
Latin America & Caribbean (WB),60135,369714,314053,234962,2177869,267917,442328,117211,703593,67456,199068,76221,1251039,1434487,92125,1856930,295968,187398,321752,921784,457686,449864,776579,526654,47212,33576,124566,1538930,140372,39698
Latvia,60135,3176,4932,3062,34444,2856,1447,1940,6065,517,1835,911,13607,9482,773,19590,5547,3174,6521,3974,4532,2980,11412,3548,223,417,1591,21837,1121,238
Lebanon,60135,3410,2060,1421,28664,3630,2363,676,7933,1402,2922,284,19174,11639,718,8594,11567,1538,3804,1697,3738,3288,5274,1347,122,569,425,16997,427,51
Lesotho,60135,4156,332,1157,5606,902,361,458,1480,177,617,122,4272,4842,175,3910,698,586,914,5950,619,1106,1420,4978,58,315,287,2870,191,460
Liberia,60135,2701,425,578,3849,524,471,147,2124,179,349,116,3724,4470,129,5450,1302,459,597,5437,775,1333,1503,1867,36,144,129,2457,136,56
Libya,60135,4586,1807,1003,17704,2548,2150,231,6110,1400,1290,234,7905,3754,440,5239,4306,770,2057,2056,4342,2765,5291,1150,87,2412,246,11277,388,66
Lithuania,60135,4044,7325,4692,45381,4422,2922,2459,8694,755,2963,1317,17002,13815,937,26851,7516,4456,9185,6331,6383,4033,14154,5303,198,516,2826,28590,1157,391
Luxembourg,60135,800,430,418,7673,307,312,426,1371,64,602,205,3031,2012,164,1625,1109,480,1053,306,1064,924,2187,850,30,90,274,4736,121,185
Madagascar,60135,6184,1918,4559,13974,2515,1847,2101,11625,2371,1926,415,20521,17128,1477,17125,4244,2521,4125,33167,4324,6052,4351,24403,386,3072,1665,13722,778,408
Malawi,60135,6086,3726,2739,9137,918,992,3047,8174,1489,936,355,14329,8707,1155,6062,10678,1154,2817,26927,3577,10253,3684,39598,308,585,321,7835,669,326
Malaysia,60135,33049,6307,11725,97636,6003,5668,1728,31094,1686,4003,3784,61446,18360,4458,35980,11215,5973,12162,24790,10622,22356,14978,12051,906,28106,4048,76243,2488,500
Maldives,60135,292,46,141,519,58,42,14,276,30,42,31,378,172,41,234,90,31,138,160,158,129,172,125,0,5,36,389,16,30
Mali,60135,28723,1890,1929,11952,1796,1721,973,7405,776,1048,469,15263,8630,631,33646,15179,1463,1563,20748,2346,1594,4829,4604,200,296,541,11687,515,203
Malta,60135,411,571,249,4510,247,197,204,806,90,375,252,2695,1267,116,1377,935,335,814,222,648,769,1719,459,30,151,107,2988,103,176
Marshall Islands,60135,81,0,15,196,0,0,0,60,0,0,0,143,61,0,129,12,26,16,99,30,30,22,25,0,15,0,76,0,0
Mauritania,60135,2301,451,555,4449,396,472,156,1812,136,324,154,3936,4472,128,5009,1168,576,744,5071,602,1425,2088,1746,40,114,137,3158,144,60
Mauritius,60135,612,393,859,4396,473,453,55,1216,97,294,99,3601,1839,129,3212,707,728,851,1408,551,581,1581,958,30,267,173,3686,101,31
Mexico,60135,70678,58699,21287,238844,26968,67645,14800,129148,15617,24586,14423,153884,175022,16877,222951,30872,15584,59820,167087,58588,66608,122237,34351,14031,3652,5639,167216,24936,6450
Micronesia (country),60135,189,27,34,490,30,30,0,127,0,30,0,351,140,26,299,31,61,45,202,45,58,74,60,0,30,0,189,2,0
Middle East & North Africa (WB),60135,427236,69840,53057,768911,113129,91991,24960,416918,39250,66722,15106,537589,241051,31447,523096,231077,39769,95121,111661,244325,192413,223480,138319,5555,53912,22355,487501,20739,6051
Moldova,60135,5429,3310,4128,31805,4459,1579,1490,5202,1260,1058,273,15796,6221,685,20015,4738,2966,3968,6985,4776,3407,10936,2917,312,1020,3336,26122,1192,167
Monaco,60135,161,106,27,1467,90,30,49,236,30,275,0,429,317,30,220,242,30,190,30,92,354,433,138,0,0,0,662,0,30
Mongolia,60135,41187,835,1367,14250,556,1518,69,1908,145,256,62,2720,1026,247,23279,621,681,1055,4187,1715,1342,2046,9632,14,163,267,3611,144,85
Montenegro,60135,1641,691,505,13008,1278,401,384,1098,221,249,43,3536,2293,165,2073,1038,423,750,705,1707,558,2240,569,85,30,169,3761,122,30
Morocco,60135,12290,4250,7531,99292,19138,8012,1947,18151,6267,6786,1219,85710,21063,4681,30120,11514,5218,14970,30645,10813,25653,17142,9364,367,14982,4050,44011,2167,357
Mozambique,60135,8324,2203,3605,16839,4108,2682,2667,20677,3396,2972,565,23415,8355,2026,16389,6292,3131,5460,41510,6700,8965,6157,17641,457,377,1366,14581,1147,605
Myanmar,60135,34174,10042,21745,234033,13089,11403,3104,84232,4457,7264,2348,160562,44023,10849,97550,16016,16857,27358,66408,29659,115950,29814,27277,1131,19355,5159,103847,5971,1902
Namibia,60135,974,451,1526,2273,879,216,921,929,207,346,171,4597,3743,141,1230,547,386,593,2927,590,1174,884,848,82,196,451,2146,180,375
Nauru,60135,0,0,0,30,0,0,0,11,0,0,0,30,0,0,30,0,0,0,30,0,0,0,0,0,0,0,29,0,0
Nepal,60135,9043,2528,19028,32797,10799,9498,790,17049,2723,3129,910,38411,12151,2752,37258,4790,2614,7636,23547,10123,8610,7817,19784,510,4829,14046,17323,1259,707
Netherlands,60135,17127,33907,11462,324725,7947,15862,19283,40621,2635,25590,13263,119188,90037,3722,69289,45331,13499,35106,10296,26055,41967,79161,49577,899,1973,5846,178067,3570,15091
New Zealand,60135,5181,5579,2228,47985,993,2361,8452,9044,557,5140,3022,20563,19214,1035,10162,5898,2791,6046,2534,6648,9033,12057,7077,271,543,964,39189,3097,2299
Nicaragua,60135,2818,1349,724,7068,1090,2884,333,5391,390,604,388,5194,9140,565,13600,907,640,1456,9800,2290,2101,3733,1048,221,243,347,7182,743,77
Niger,60135,981,1247,1652,11556,1378,1381,358,9820,587,914,311,8386,10881,67,18168,3014,1362,1232,20589,3323,1825,2588,5007,184,207,356,6530,382,153
Nigeria,60135,64188,19235,12423,128597,24464,13059,8956,79371,31639,14668,6067,220679,311654,3805,76804,17077,6151,24151,131635,46821,39733,52659,17449,961,18816,3650,119342,5007,1674
Niue,60135,0,0,0,30,0,0,0,0,0,0,0,0,0,0,0,0,0,0,0,0,0,0,0,0,0,0,0,0,0
North America (WB),60135,457968,493784,217205,5903697,143828,160854,304104,843744,49498,448314,258401,1651882,1331947,60344,612547,561567,238692,556045,222305,530788,851450,1329266,532388,15092,33135,77548,2380597,104824,92905
North Korea,60135,88063,6327,8626,202705,7837,13541,2649,39083,1909,5043,1127,53569,16613,3946,193139,11975,9330,9842,38154,25340,14956,24605,70559,525,13711,2208,74300,4863,1233
North Macedonia,60135,6965,1250,1265,28919,3136,1912,2336,3443,546,689,141,10412,5898,377,14148,3963,1974,2669,2868,5042,1577,6800,1191,345,222,579,14619,651,58
Northern Ireland,60135,2419,2226,1231,30049,754,807,1544,3866,305,2392,1206,11101,8517,348,6202,3948,1210,3840,1353,3083,3978,6928,5844,99,191,468,15394,506,1565
Northern Mariana Islands,60135,77,22,58,426,0,0,0,64,0,23,0,145,69,0,121,16,28,19,92,29,32,63,18,0,34,15,151,0,0
Norway,60135,4888,9947,3123,62281,1293,3211,7950,7588,555,8954,2540,25792,36694,1267,16831,12554,4191,10776,4176,9864,11452,22148,5906,279,265,1235,55629,1319,2624
OECD Countries,60135,2934290,1803485,910359,17887310,693317,1611199,847609,2757572,182456,1348299,795146,5712932,4742942,297381,5743500,2382525,795804,1892431,1090634,1776142,2488435,4992869,2094393,77240,156460,474515,10055560,377232,419940
Oman,60135,1629,380,466,3070,269,347,88,2061,278,494,104,2489,1165,144,2883,581,126,521,561,1013,2084,1306,746,17,159,146,2652,204,178
Pakistan,60135,86680,23601,358640,392612,152374,78337,10920,146375,53024,33085,6051,586040,107093,26863,167116,121633,48465,103433,65734,85143,54140,52400,193126,15155,40981,93038,163183,7821,3621
Palau,60135,50,0,64,189,0,0,0,0,0,0,0,75,52,0,55,0,0,0,76,0,0,45,0,0,0,0,52,0,0
Palestine,60135,2985,599,315,8795,455,665,84,4161,389,607,80,5368,2459,265,3375,1336,794,817,693,4094,1560,2049,504,14,135,84,6619,215,30
Panama,60135,2261,1252,1000,9120,1061,1226,381,3968,209,1078,592,5580,9370,458,10391,1125,934,1477,5479,2200,2408,3203,1265,147,236,496,7794,412,84
Papua New Guinea,60135,1230,475,1463,17668,692,741,383,6499,371,705,311,22315,5708,514,12310,1100,1472,1066,7407,2489,896,1300,1636,90,1280,264,5577,452,204
Paraguay,60135,2173,1767,1782,16084,1511,1970,804,6222,501,989,305,10068,10761,840,11185,1372,2098,1892,11550,2295,2997,5176,4109,385,198,1054,10672,1139,196
Peru,60135,22478,12899,5426,72750,4483,25650,4019,35627,2055,7972,1197,39697,60295,5410,133658,8554,10241,14071,50841,23647,28628,27663,9240,2728,916,1625,55376,4890,1933
Philippines,60135,117183,18771,33419,296658,14865,10042,4450,103158,3327,8925,3406,193938,83809,19978,78067,14939,21574,46249,67188,43674,43309,53801,21441,3034,30732,7212,194953,8114,2216
Poland,60135,46514,74762,44393,782733,56087,69337,36229,88729,11168,34571,14595,197582,140200,11477,224265,105482,40689,87222,76079,87204,52890,168198,56389,5116,6161,22356,403474,18764,4539
Portugal,60135,20468,11794,11763,118630,13351,10936,6177,27099,1889,14018,9546,60260,64765,3350,97624,27716,9839,13562,12282,22012,22973,41772,20051,598,2314,6960,124740,5254,1228
Puerto Rico,60135,5350,2859,2813,22103,2237,1392,777,6842,678,4430,1166,15157,21049,687,11278,4306,2248,3303,3332,2533,6608,8736,5933,168,602,1403,25147,1317,305
Qatar,60135,1135,264,118,1519,208,140,33,843,55,124,26,1188,352,49,669,175,51,227,155,503,557,533,301,11,58,47,1069,33,15
Region of the Americas (WHO),60135,822147,804767,449196,8057799,409379,601682,420420,1540213,116252,642683,333390,2886740,2743664,151741,2457619,853012,423691,874203,1140493,985778,1294384,2096513,1052822,62136,66066,200619,3892871,243837,132257
Romania,60135,22664,23828,27813,287060,30056,17309,11053,36339,4887,9833,2449,97333,59450,4852,126819,43947,16099,31886,62292,40455,21128,82995,20906,2538,5419,19443,168960,13127,1805
Russia,60135,146106,267767,172722,1798280,168348,95400,92459,234638,38302,64294,16219,689346,278787,37143,1315938,220495,178914,256902,224111,198362,130066,501201,245439,12075,18074,84176,1176567,51430,17422
Rwanda,60135,5862,1301,3035,8918,1997,1272,1189,7120,1411,1498,285,14183,9830,958,10559,2548,1626,3400,19821,2863,3927,3211,15441,225,1997,1061,8402,486,299
Saint Kitts and Nevis,60135,68,34,31,138,30,33,0,60,0,38,0,247,443,3,157,38,53,43,141,22,65,90,61,0,1,9,219,16,0
Saint Lucia,60135,116,66,116,501,87,66,32,191,30,150,25,514,1269,32,565,129,99,117,365,66,240,245,183,0,32,40,446,18,0
Saint Vincent and the Grenadines,60135,106,49,107,281,75,40,27,155,24,42,30,442,928,30,363,72,109,75,348,49,204,138,68,0,21,38,359,22,0
Samoa,60135,191,30,49,387,30,32,60,192,60,30,25,421,200,30,456,69,78,137,242,66,90,146,60,4,62,3,329,30,0
San Marino,60135,38,33,30,477,30,37,36,119,0,51,17,154,192,14,333,136,0,30,16,86,144,153,30,0,0,0,353,0,9
Sao Tome and Principe,60135,66,30,23,399,30,59,0,93,0,23,0,219,181,0,408,95,54,64,384,5,75,49,91,0,0,0,274,0,0
Saudi Arabia,60135,15510,4047,3597,27516,2447,4841,702,16313,1756,2975,626,23431,10426,2056,15111,4484,1868,5217,4055,10781,15698,11613,5614,285,4120,1303,26712,915,269
Scotland,60135,10313,10480,14979,127835,3207,2687,5136,14813,1040,7702,4247,37248,27921,1061,21289,15934,5913,13177,6801,11620,14802,22458,25052,301,1704,3793,76735,1941,5322
Senegal,60135,3513,1600,2105,17214,1722,1677,572,7718,657,1114,497,15713,16948,423,19748,4296,1675,2194,17508,2746,5368,5382,6318,176,479,493,10901,521,223
Serbia,60135,26464,14324,10867,187694,15306,11891,8777,20379,2496,6064,2297,63722,34005,2348,47180,22862,9327,15618,22029,26675,11832,38542,10570,1256,1493,7044,98271,5233,892
Seychelles,60135,137,36,162,418,112,30,15,156,0,39,0,289,446,0,190,103,36,100,234,108,127,139,133,0,48,80,507,0,0
Sierra Leone,60135,4081,806,1015,7310,939,811,248,4383,301,522,208,6067,7222,196,9841,2070,770,871,9254,1641,2418,2002,2875,76,236,222,4346,229,84
Singapore,60135,11681,2634,1503,32881,996,1701,297,4229,142,1201,872,10565,4033,664,11234,1971,1202,3277,2823,1813,4153,7021,3140,58,4377,825,22194,372,531
Slovakia,60135,9501,10313,8695,67914,5903,9322,4420,10185,1140,4130,516,25015,15814,1183,24552,9146,6556,8430,6936,9715,7687,21048,7796,655,1013,7768,56289,1584,382
Slovenia,60135,4525,3578,1957,32975,1769,3379,2657,4734,303,2481,822,12729,10150,528,12643,4569,2134,4180,2117,3496,4156,9299,2902,158,250,2496,22540,670,655
Solomon Islands,60135,443,58,158,2048,91,94,44,686,42,92,30,1592,523,73,1719,135,238,106,1222,220,622,168,230,0,161,30,610,46,25
Somalia,60135,4951,1098,2884,7656,2133,1354,1284,10093,2186,1403,191,10553,8729,1101,15191,2378,1723,2349,28498,3266,3270,2114,19115,227,2445,943,5957,421,284
South Africa,60135,71168,12374,28886,219597,18734,8260,11012,39863,3698,17074,5163,124204,120104,4134,72567,21189,12904,24816,113798,19609,40925,55639,139464,2252,5594,6645,104258,6492,7679
South Asia (WB),60135,817772,198489,1772982,2253601,885238,637186,54842,1166526,206895,222606,61423,2302737,787820,182345,2339387,422268,197899,499406,1235716,708772,627692,577667,1165863,58444,334034,1252721,1596972,82321,50250
South Korea,60135,289401,27958,16527,447103,17783,113350,4366,50721,1348,18074,9856,78247,42703,13405,410376,34215,9181,24170,36609,32855,43861,125552,54420,479,4623,8668,215717,9064,2287
South Sudan,60135,2814,1172,1891,8099,983,799,673,7038,878,843,292,6018,9249,537,7107,1999,906,1501,9359,1888,3776,2238,10468,163,1090,848,7921,351,140
South-East Asia Region (WHO),60135,1379521,253179,1587358,3685835,817010,707748,61955,1474931,173921,238543,72604,2616126,995271,222013,2828388,417350,256702,579757,1590485,826407,816857,808464,1225153,52318,423024,1200894,2329838,129247,60642
Spain,60135,117911,62868,41656,626673,54345,43795,25068,99887,7689,54719,41838,214266,207409,10535,212728,160116,36355,61255,29727,75439,86420,167381,63400,1669,8510,22121,450894,19237,11579
Sri Lanka,60135,13513,16982,22043,46795,3932,15151,787,22808,2784,4615,1153,31282,13349,3722,31967,5772,4543,7952,11713,10442,11959,11898,25487,364,4769,8981,26888,5074,1257
Sub-Saharan Africa (WB),60135,491788,107886,183608,984066,145839,100818,70541,665389,98383,105420,29936,1054162,1043507,59985,915871,238535,98908,173759,1195211,249655,309447,311591,752224,14894,94989,50840,708035,38905,24047
Sudan,60135,14205,3804,3245,32157,7799,5302,1672,41047,3673,3955,681,25143,17303,1960,64245,12011,1624,3315,7642,21121,9215,8701,17508,355,1765,1113,22824,1402,222
Suriname,60135,382,199,168,1712,101,179,55,468,77,218,45,1141,1806,69,940,193,154,319,1166,373,460,630,160,22,102,70,1651,53,30
Sweden,60135,12756,23659,6018,109861,2165,17124,15346,24393,1151,16692,6572,55357,81194,2656,31047,23992,8516,21556,8686,18475,25783,48874,14549,361,566,2867,97730,2385,4273
Switzerland,60135,16534,11511,6261,106660,3377,7068,8226,16195,903,10347,6303,48786,47891,2220,23525,15701,4950,13299,6108,11923,16101,34117,14566,515,1042,3653,56473,2533,4676
Syria,60135,10867,1519,1350,27738,2221,1551,428,53226,342,1580,548,13151,9116,434,11923,4119,1330,2550,2387,13794,5665,7060,2218,170,364,550,14023,551,163
Taiwan,60135,86625,20201,42780,238745,7012,23927,3409,28632,746,8360,3679,47309,35720,4427,102632,29068,5369,14190,30678,15371,30840,54235,56552,601,25992,16815,177014,4054,1198
Tajikistan,60135,2498,2187,988,13766,1421,641,498,7571,334,727,148,8917,3228,215,26999,1370,1930,2159,3192,8078,2006,4134,10623,9,662,652,8810,617,225
Tanzania,60135,13001,6789,12389,42673,7150,5173,4711,36729,5215,6293,1420,45074,54985,3777,41779,11749,6511,12052,68960,13679,24251,15085,66195,1037,7589,4606,39048,2418,1139
Thailand,60135,449990,15859,60704,489243,27189,87299,3967,97342,3802,11778,3174,145744,62118,12693,134583,35860,13403,40584,107881,54346,34890,69985,66243,1926,25912,11106,203167,14847,4989
Timor,60135,1049,130,261,2776,140,151,38,1163,62,97,39,1150,697,141,1161,186,217,238,817,443,368,335,348,18,242,77,1438,98,13
Togo,60135,4068,669,1027,6934,862,694,236,3354,316,481,176,6365,5204,189,8748,1677,741,995,9225,1300,2382,2318,2819,89,255,218,4251,205,101
Tokelau,60135,0,0,0,0,0,0,0,0,0,0,0,0,0,0,0,0,0,0,0,0,0,0,0,0,0,0,0,0,0
Tonga,60135,525,23,30,596,13,23,0,82,0,30,0,339,268,2,310,30,31,39,209,30,102,82,52,144,30,0,125,43,0
Trinidad and Tobago,60135,1232,752,546,4209,425,642,100,1537,112,920,270,5237,8629,219,2384,609,1232,1168,2898,470,1431,1752,677,38,134,298,5280,140,55
Tunisia,60135,4490,2474,3276,50873,6618,5319,795,8462,1330,2846,503,20774,9322,1005,14167,9934,1428,3982,3900,3067,3360,7271,2297,106,5299,1283,21484,907,113
Turkey,60135,54295,32393,14870,565713,37114,30772,12026,123058,8295,26977,13746,120846,113815,10385,218858,61453,20183,39770,27833,85529,61696,111289,29840,5422,11858,4760,205667,14460,15414
Turkmenistan,60135,3592,2237,1813,9080,1307,863,463,4167,695,627,140,6328,2014,318,10651,865,557,1486,3898,3319,1184,2013,10733,404,348,864,5058,366,236
Tuvalu,60135,30,0,0,64,0,0,0,1,0,0,0,45,30,0,30,0,0,0,30,0,0,0,0,0,0,0,30,0,0
Uganda,60135,18679,4086,7818,19377,4709,2704,3392,16167,4268,4696,702,37262,48535,2384,28223,6310,5200,9010,45209,6465,7831,10339,44326,637,7992,4616,26086,1056,541
Ukraine,60135,42476,80762,65016,643799,67110,28112,34575,107687,14315,18091,4185,294206,127982,11453,424111,73088,56048,77241,96265,72399,38440,142806,63788,4098,8564,37175,443681,14896,9190
United Arab Emirates,60135,2154,2272,901,5980,1646,790,350,4291,698,886,202,5217,1420,457,3241,1831,210,887,1096,4150,4062,6241,3640,214,433,340,5267,236,60
United Kingdom,60135,95506,117724,55967,1194211,28532,31643,63607,154870,11405,93574,52385,467723,378617,12762,251915,186478,50765,154896,55269,116234,163107,282977,252107,3198,8053,22135,653872,21000,65879
United States,60135,413991,448857,189592,5327170,129990,137697,276096,769078,45505,406177,234823,1487122,1178244,53725,535030,495759,217813,503060,203026,477366,768173,1206647,479922,13818,29741,68756,2128612,95203,79496
United States Virgin Islands,60135,115,141,87,893,79,72,71,177,0,196,42,640,1197,21,391,75,93,191,202,109,204,357,160,0,30,66,944,18,26
Uruguay,60135,2686,8462,3177,49502,4463,6948,2052,8017,669,3885,1339,26452,22836,787,19049,8056,2204,4928,6832,4548,7676,17776,10325,490,509,1505,38703,815,332
Uzbekistan,60135,19583,7104,8979,64273,11042,2835,2049,33118,3449,2639,734,46946,9439,991,79305,7091,6961,7640,26545,27916,10738,13157,42125,1270,2733,4524,34334,2382,573
Vanuatu,60135,316,26,61,755,34,36,20,226,15,37,10,402,302,27,521,51,75,42,314,89,80,79,82,0,51,7,261,24,8
Venezuela,60135,13540,13187,7535,102575,12175,11162,2901,27528,3561,7790,4483,48982,68732,3113,72533,9347,7626,12040,49972,10878,18138,25063,10918,1202,1589,2860,52968,8858,632
Vietnam,60135,63840,13831,62939,456939,33204,23729,4547,78545,7786,11966,5099,216341,57088,21360,237015,27609,12934,39189,107382,32238,41156,56831,49561,2699,58818,41713,246287,13381,3366
Wales,60135,5308,6137,2503,63905,1571,1770,3432,8350,621,4991,2846,25069,20326,712,15094,9709,2912,8396,2973,6034,8535,15412,14135,180,375,1189,35939,1172,3036
Western Pacific Region (WHO),60135,7797837,698589,722258,18052359,570666,1387389,196522,2496592,129931,459200,216977,3085145,1732226,269574,14212566,1165530,538756,817573,1574383,1728065,1376431,3025274,7632439,41654,989924,264792,7229343,376328,119847
World,60135,12563680,3432925,4229580,44801914,3052584,3853619,1423418,8769416,802957,2371150,1112217,15599266,10270998,986945,26385742,4992634,2179138,4185747,6764027,5658693,5512153,10009049,12606645,259863,1813269,2337055,22857331,1113279,648757
World Bank High Income,60135,2942925,1757626,932569,17500129,650906,1555936,829849,2586507,164338,1323827,776478,5595022,4577013,280573,5482072,2347158,777119,1831530,952660,1678049,2440817,4878771,2121129,59827,178433,487852,10009423,346811,401843
World Bank Low Income,60135,402814,67164,131070,703457,98398,87327,45669,527963,60041,66672,15534,625012,487262,54358,854068,175565,76533,111995,826936,177200,208397,158946,544135,10129,72184,47413,445990,27119,12590
World Bank Lower Middle Income,60135,1763167,464875,2135682,5819867,1188286,853667,147681,2309532,318957,372404,108991,4582915,1995113,324428,4319792,846098,460170,931558,2333519,1267216,1189760,1317653,1717763,86018,597060,1394087,3759787,189053,84073
World Bank Upper Middle Income,60135,7450597,1141529,1028329,20757634,1113138,1355079,399573,3340128,259191,606597,210628,4785173,3200663,326978,15721297,1620970,863516,1308564,2645664,2533709,1669849,3649130,8220394,103780,964805,406872,8629466,549485,149901
Yemen,60135,7780,1880,2090,25063,6019,3629,1039,24886,2216,2300,407,16856,9147,1246,48617,6119,1127,2069,5773,12090,5621,4254,10432,211,1215,757,15034,861,152
Zambia,60135,4225,2127,4000,13464,2446,1521,1442,10554,1815,1724,389,14674,14645,1216,13594,3327,1958,3395,25198,3545,7006,5122,21624,329,2463,1488,13712,619,368
Zimbabwe,60135,27387,1457,3363,22774,3871,2158,2829,6044,885,5106,839,20865,30048,1557,20741,11952,3949,5251,28653,2348,2887,10122,26407,252,1230,970,17586,955,395
